{
  "rows": 30,
  "columns": [
    "Unnamed: 0",
    "YearsExperience",
    "Salary"
  ],
  "describe": {
    "Unnamed: 0": {
      "count": 30.0,
      "mean": 14.5,
      "std": 8.8034084308,
      "min": 0.0,
      "25%": 7.25,
      "50%": 14.5,
      "75%": 21.75,
      "max": 29.0
    },
    "YearsExperience": {
      "count": 30.0,
      "mean": 5.4133333333,
      "std": 2.8378881577,
      "min": 1.2,
      "25%": 3.3,
      "50%": 4.8,
      "75%": 7.8,
      "max": 10.6
    },
    "Salary": {
      "count": 30.0,
      "mean": 76004.0,
      "std": 27414.4297845823,
      "min": 37732.0,
      "25%": 56721.75,
      "50%": 65238.0,
      "75%": 100545.75,
      "max": 122392.0
    }
  }
}